Country,Region,Happiness Rank,Happiness Score,Economy (GDP per Capita),Family,Health (Life Expectancy),Freedom,Trust (Government Corruption),Generosity,Year
Switzerland,Western Europe,1,7.587,1.397,1.35,0.941,0.666,0.42,0.297,2015
Iceland,Western Europe,2,7.561,1.302,1.402,0.948,0.629,0.141,0.436,2015
Denmark,Western Europe,3,7.527,1.325,1.361,0.875,0.649,0.484,0.341,2015
Norway,Western Europe,4,7.522,1.459,1.331,0.885,0.67,0.365,0.347,2015
Canada,North America,5,7.427,1.326,1.323,0.906,0.633,0.33,0.458,2015
Finland,Western Europe,6,7.406,1.29,1.318,0.889,0.642,0.414,0.234,2015
Netherlands,Western Europe,7,7.378,1.329,1.28,0.893,0.616,0.318,0.476,2015
Sweden,Western Europe,8,7.364,1.332,1.289,0.911,0.66,0.438,0.363,2015
New Zealand,Australia and New Zealand,9,7.286,1.25,1.32,0.908,0.639,0.429,0.475,2015
Australia,Australia and New Zealand,10,7.284,1.334,1.309,0.932,0.651,0.356,0.436,2015
Israel,Middle East and Northern Africa,11,7.278,1.229,1.224,0.914,0.413,0.078,0.332,2015
Costa Rica,Latin America and Caribbean,12,7.226,0.956,1.238,0.86,0.634,0.106,0.255,2015
Austria,Western Europe,13,7.2,1.337,1.297,0.89,0.624,0.187,0.331,2015
Mexico,Latin America and Caribbean,14,7.187,1.021,0.915,0.814,0.482,0.213,0.141,2015
United States,North America,15,7.119,1.395,1.247,0.862,0.546,0.159,0.401,2015
Brazil,Latin America and Caribbean,16,6.983,0.981,1.233,0.697,0.49,0.175,0.146,2015
Luxembourg,Western Europe,17,6.946,1.564,1.22,0.919,0.616,0.378,0.28,2015
Ireland,Western Europe,18,6.94,1.336,1.369,0.895,0.618,0.287,0.459,2015
Belgium,Western Europe,19,6.937,1.308,1.286,0.897,0.584,0.225,0.222,2015
United Kingdom,Western Europe,21,6.867,1.266,1.285,0.909,0.596,0.321,0.519,2015
Venezuela,Latin America and Caribbean,23,6.81,1.044,1.256,0.721,0.429,0.111,0.058,2015
Singapore,Southeastern Asia,24,6.798,1.522,1.02,1.025,0.543,0.492,0.311,2015
Panama,Latin America and Caribbean,25,6.786,1.064,1.198,0.797,0.542,0.093,0.244,2015
Germany,Western Europe,26,6.75,1.328,1.299,0.892,0.615,0.218,0.282,2015
Chile,Latin America and Caribbean,27,6.67,1.107,1.124,0.859,0.441,0.129,0.334,2015
Qatar,Middle East and Northern Africa,28,6.611,1.69,1.079,0.797,0.64,0.522,0.326,2015
France,Western Europe,29,6.575,1.278,1.26,0.946,0.55,0.206,0.123,2015
Argentina,Latin America and Caribbean,30,6.574,1.054,1.248,0.787,0.45,0.085,0.115,2015
Czech Republic,Central and Eastern Europe,31,6.505,1.179,1.206,0.845,0.464,0.027,0.107,2015
Uruguay,Latin America and Caribbean,32,6.485,1.062,1.209,0.812,0.604,0.246,0.232,2015
Colombia,Latin America and Caribbean,33,6.477,0.919,1.24,0.691,0.535,0.051,0.184,2015
Thailand,Southeastern Asia,34,6.455,0.967,1.265,0.738,0.557,0.032,0.576,2015
Saudi Arabia,Middle East and Northern Africa,35,6.411,1.395,1.084,0.72,0.31,0.325,0.137,2015
Spain,Western Europe,36,6.329,1.23,1.314,0.956,0.46,0.064,0.182,2015
Malta,Western Europe,37,6.302,1.207,1.302,0.887,0.604,0.136,0.518,2015
Kuwait,Middle East and Northern Africa,39,6.295,1.554,1.166,0.725,0.555,0.256,0.162,2015
El Salvador,Latin America and Caribbean,42,6.13,0.765,1.025,0.677,0.404,0.118,0.107,2015
Guatemala,Latin America and Caribbean,43,6.123,0.746,1.044,0.644,0.577,0.095,0.275,2015
Uzbekistan,Central and Eastern Europe,44,6.003,0.632,1.34,0.598,0.658,0.308,0.228,2015
Slovakia,Central and Eastern Europe,45,5.995,1.169,1.27,0.789,0.318,0.034,0.169,2015
Japan,Eastern Asia,46,5.987,1.271,1.257,0.991,0.496,0.181,0.107,2015
South Korea,Eastern Asia,47,5.984,1.245,0.958,0.965,0.332,0.079,0.186,2015
Ecuador,Latin America and Caribbean,48,5.975,0.864,0.999,0.791,0.486,0.181,0.115,2015
Bahrain,Middle East and Northern Africa,49,5.96,1.324,1.216,0.747,0.455,0.306,0.174,2015
Italy,Western Europe,50,5.948,1.251,1.198,0.954,0.262,0.029,0.228,2015
Bolivia,Latin America and Caribbean,51,5.89,0.681,0.978,0.539,0.574,0.088,0.205,2015
Moldova,Central and Eastern Europe,52,5.889,0.594,1.015,0.618,0.328,0.016,0.21,2015
Paraguay,Latin America and Caribbean,53,5.878,0.76,1.305,0.661,0.539,0.082,0.342,2015
Kazakhstan,Central and Eastern Europe,54,5.855,1.123,1.122,0.644,0.516,0.085,0.118,2015
Slovenia,Central and Eastern Europe,55,5.848,1.185,1.274,0.873,0.609,0.038,0.253,2015
Lithuania,Central and Eastern Europe,56,5.833,1.147,1.257,0.731,0.213,0.01,0.026,2015
Nicaragua,Latin America and Caribbean,57,5.828,0.593,1.142,0.743,0.555,0.193,0.278,2015
Peru,Latin America and Caribbean,58,5.824,0.9,0.975,0.73,0.415,0.06,0.15,2015
Belarus,Central and Eastern Europe,59,5.813,1.032,1.233,0.736,0.379,0.191,0.11,2015
Poland,Central and Eastern Europe,60,5.791,1.126,1.279,0.779,0.531,0.042,0.168,2015
Malaysia,Southeastern Asia,61,5.77,1.125,1.07,0.724,0.53,0.105,0.331,2015
Croatia,Central and Eastern Europe,62,5.759,1.083,0.796,0.788,0.259,0.024,0.054,2015
Libya,Middle East and Northern Africa,63,5.754,1.131,1.119,0.704,0.417,0.11,0.183,2015
Russia,Central and Eastern Europe,64,5.716,1.138,1.236,0.669,0.367,0.03,0.002,2015
Jamaica,Latin America and Caribbean,65,5.709,0.81,1.151,0.687,0.504,0.023,0.212,2015
Cyprus,Western Europe,67,5.689,1.208,0.893,0.924,0.407,0.061,0.306,2015
Algeria,Middle East and Northern Africa,68,5.605,0.939,1.078,0.618,0.286,0.174,0.078,2015
Kosovo,Central and Eastern Europe,69,5.589,0.801,0.812,0.631,0.247,0.047,0.283,2015
Turkmenistan,Central and Eastern Europe,70,5.548,0.958,1.227,0.539,0.476,0.308,0.17,2015
Mauritius,Sub-Saharan Africa,71,5.477,1.008,0.985,0.71,0.561,0.075,0.377,2015
Estonia,Central and Eastern Europe,73,5.429,1.152,1.228,0.774,0.449,0.152,0.087,2015
Indonesia,Southeastern Asia,74,5.399,0.828,1.087,0.638,0.466,0.0,0.515,2015
Vietnam,Southeastern Asia,75,5.36,0.632,0.912,0.747,0.594,0.104,0.169,2015
Turkey,Middle East and Northern Africa,76,5.332,1.061,0.946,0.732,0.228,0.157,0.123,2015
Kyrgyzstan,Central and Eastern Europe,77,5.286,0.474,1.151,0.651,0.435,0.042,0.3,2015
Nigeria,Sub-Saharan Africa,78,5.268,0.654,0.904,0.16,0.343,0.04,0.272,2015
Bhutan,Southern Asia,79,5.253,0.77,1.104,0.574,0.532,0.154,0.48,2015
Azerbaijan,Central and Eastern Europe,80,5.212,1.024,0.938,0.64,0.37,0.161,0.078,2015
Pakistan,Southern Asia,81,5.194,0.595,0.414,0.515,0.121,0.105,0.337,2015
Jordan,Middle East and Northern Africa,82,5.192,0.902,1.054,0.696,0.407,0.143,0.111,2015
Montenegro,Central and Eastern Europe,82,5.192,0.974,0.906,0.725,0.183,0.143,0.161,2015
China,Eastern Asia,84,5.14,0.89,0.947,0.817,0.517,0.028,0.082,2015
Zambia,Sub-Saharan Africa,85,5.129,0.47,0.916,0.299,0.488,0.125,0.196,2015
Romania,Central and Eastern Europe,86,5.124,1.043,0.886,0.769,0.351,0.006,0.137,2015
Serbia,Central and Eastern Europe,87,5.123,0.921,1.01,0.748,0.201,0.026,0.192,2015
Portugal,Western Europe,88,5.102,1.16,1.139,0.875,0.515,0.011,0.137,2015
Latvia,Central and Eastern Europe,89,5.098,1.113,1.096,0.724,0.297,0.063,0.182,2015
Philippines,Southeastern Asia,90,5.073,0.705,1.035,0.581,0.625,0.123,0.25,2015
Morocco,Middle East and Northern Africa,92,5.013,0.735,0.641,0.61,0.417,0.085,0.072,2015
Albania,Central and Eastern Europe,95,4.959,0.879,0.804,0.813,0.357,0.064,0.143,2015
Bosnia and Herzegovina,Central and Eastern Europe,96,4.949,0.832,0.919,0.791,0.092,0.002,0.248,2015
Dominican Republic,Latin America and Caribbean,98,4.885,0.895,1.172,0.668,0.577,0.142,0.217,2015
Mongolia,Eastern Asia,100,4.874,0.828,1.301,0.603,0.436,0.027,0.332,2015
Greece,Western Europe,102,4.857,1.154,0.929,0.882,0.077,0.014,0.0,2015
Lebanon,Middle East and Northern Africa,103,4.839,1.026,0.8,0.839,0.339,0.046,0.219,2015
Hungary,Central and Eastern Europe,104,4.8,1.121,1.202,0.759,0.321,0.028,0.128,2015
Honduras,Latin America and Caribbean,105,4.788,0.595,0.953,0.695,0.401,0.068,0.23,2015
Tajikistan,Central and Eastern Europe,106,4.786,0.39,0.856,0.574,0.472,0.151,0.23,2015
Tunisia,Middle East and Northern Africa,107,4.739,0.881,0.604,0.738,0.263,0.064,0.064,2015
Palestinian Territories,Middle East and Northern Africa,108,4.715,0.599,0.926,0.66,0.245,0.129,0.113,2015
Bangladesh,Southern Asia,109,4.694,0.398,0.431,0.602,0.408,0.126,0.212,2015
Iran,Middle East and Northern Africa,110,4.686,1.009,0.544,0.698,0.3,0.059,0.381,2015
Ukraine,Central and Eastern Europe,111,4.681,0.799,1.203,0.674,0.251,0.03,0.153,2015
Iraq,Middle East and Northern Africa,112,4.677,0.985,0.819,0.602,0.0,0.138,0.179,2015
South Africa,Sub-Saharan Africa,113,4.642,0.92,1.185,0.277,0.332,0.089,0.12,2015
Ghana,Sub-Saharan Africa,114,4.633,0.546,0.68,0.401,0.423,0.044,0.231,2015
Zimbabwe,Sub-Saharan Africa,115,4.61,0.271,1.033,0.335,0.259,0.081,0.19,2015
Liberia,Sub-Saharan Africa,116,4.571,0.071,0.79,0.342,0.285,0.062,0.244,2015
India,Southern Asia,117,4.565,0.645,0.382,0.515,0.398,0.085,0.265,2015
Haiti,Latin America and Caribbean,119,4.518,0.267,0.743,0.388,0.244,0.172,0.462,2015
Congo (Kinshasa),Sub-Saharan Africa,120,4.517,0.0,1.001,0.098,0.226,0.076,0.248,2015
Nepal,Southern Asia,121,4.514,0.36,0.864,0.569,0.383,0.059,0.323,2015
Ethiopia,Sub-Saharan Africa,122,4.512,0.191,0.604,0.441,0.434,0.15,0.243,2015
Sierra Leone,Sub-Saharan Africa,123,4.507,0.33,0.956,0.0,0.408,0.088,0.215,2015
Mauritania,Sub-Saharan Africa,124,4.436,0.454,0.869,0.359,0.242,0.175,0.219,2015
Kenya,Sub-Saharan Africa,125,4.419,0.365,0.999,0.414,0.422,0.058,0.375,2015
Armenia,Central and Eastern Europe,127,4.35,0.768,0.777,0.73,0.198,0.039,0.079,2015
Botswana,Sub-Saharan Africa,128,4.332,0.994,1.105,0.048,0.495,0.125,0.105,2015
Myanmar,Southeastern Asia,129,4.307,0.271,0.709,0.482,0.44,0.19,0.796,2015
Georgia,Central and Eastern Europe,130,4.297,0.742,0.386,0.729,0.406,0.383,0.055,2015
Malawi,Sub-Saharan Africa,131,4.292,0.016,0.411,0.226,0.431,0.07,0.331,2015
Sri Lanka,Southern Asia,132,4.271,0.835,1.019,0.708,0.537,0.092,0.408,2015
Cameroon,Sub-Saharan Africa,133,4.252,0.422,0.888,0.234,0.493,0.058,0.206,2015
Bulgaria,Central and Eastern Europe,134,4.218,1.012,1.106,0.766,0.306,0.009,0.119,2015
Egypt,Middle East and Northern Africa,135,4.194,0.882,0.747,0.617,0.173,0.063,0.113,2015
Yemen,Middle East and Northern Africa,136,4.077,0.546,0.681,0.401,0.356,0.079,0.091,2015
Mali,Sub-Saharan Africa,138,3.995,0.261,1.035,0.206,0.389,0.124,0.188,2015
Congo (Brazzaville),Sub-Saharan Africa,139,3.989,0.679,0.663,0.311,0.415,0.117,0.124,2015
Uganda,Sub-Saharan Africa,141,3.931,0.211,1.133,0.339,0.457,0.073,0.291,2015
Senegal,Sub-Saharan Africa,142,3.904,0.365,0.976,0.435,0.368,0.107,0.208,2015
Gabon,Sub-Saharan Africa,143,3.896,1.06,0.905,0.434,0.319,0.111,0.068,2015
Niger,Sub-Saharan Africa,144,3.845,0.069,0.773,0.297,0.477,0.156,0.194,2015
Cambodia,Southeastern Asia,145,3.819,0.46,0.627,0.611,0.662,0.072,0.404,2015
Tanzania,Sub-Saharan Africa,146,3.781,0.285,1.003,0.382,0.329,0.057,0.344,2015
Madagascar,Sub-Saharan Africa,147,3.681,0.208,0.668,0.467,0.192,0.081,0.213,2015
Chad,Sub-Saharan Africa,149,3.667,0.342,0.761,0.15,0.235,0.053,0.184,2015
Guinea,Sub-Saharan Africa,150,3.656,0.174,0.465,0.24,0.377,0.121,0.287,2015
Ivory Coast,Sub-Saharan Africa,151,3.655,0.465,0.771,0.152,0.469,0.179,0.202,2015
Burkina Faso,Sub-Saharan Africa,152,3.587,0.258,0.852,0.271,0.395,0.128,0.217,2015
Afghanistan,Southern Asia,153,3.575,0.32,0.303,0.303,0.234,0.097,0.365,2015
Rwanda,Sub-Saharan Africa,154,3.465,0.222,0.774,0.429,0.592,0.552,0.226,2015
Benin,Sub-Saharan Africa,155,3.34,0.287,0.354,0.319,0.484,0.08,0.183,2015
Syria,Middle East and Northern Africa,156,3.006,0.663,0.475,0.722,0.157,0.189,0.472,2015
Burundi,Sub-Saharan Africa,157,2.905,0.015,0.416,0.224,0.118,0.101,0.197,2015
Togo,Sub-Saharan Africa,158,2.839,0.209,0.14,0.284,0.365,0.107,0.167,2015
Denmark,Western Europe,1,7.526,1.442,1.164,0.795,0.579,0.445,0.362,2016
Switzerland,Western Europe,2,7.509,1.527,1.145,0.863,0.586,0.412,0.281,2016
Iceland,Western Europe,3,7.501,1.427,1.183,0.867,0.566,0.15,0.477,2016
Norway,Western Europe,4,7.498,1.577,1.127,0.796,0.596,0.358,0.379,2016
Finland,Western Europe,5,7.413,1.406,1.135,0.811,0.571,0.41,0.255,2016
Canada,North America,6,7.404,1.44,1.096,0.828,0.574,0.313,0.448,2016
Netherlands,Western Europe,7,7.339,1.465,1.029,0.812,0.552,0.299,0.474,2016
New Zealand,Australia and New Zealand,8,7.334,1.361,1.173,0.831,0.581,0.419,0.494,2016
Australia,Australia and New Zealand,9,7.313,1.444,1.105,0.851,0.568,0.323,0.474,2016
Sweden,Western Europe,10,7.291,1.452,1.088,0.831,0.582,0.409,0.383,2016
Israel,Middle East and Northern Africa,11,7.267,1.338,0.995,0.849,0.364,0.087,0.323,2016
Austria,Western Europe,12,7.119,1.45,1.084,0.806,0.544,0.213,0.329,2016
United States,North America,13,7.104,1.508,1.048,0.779,0.482,0.149,0.411,2016
Costa Rica,Latin America and Caribbean,14,7.087,1.069,1.022,0.761,0.552,0.105,0.226,2016
Germany,Western Europe,16,6.994,1.448,1.098,0.815,0.535,0.286,0.305,2016
Brazil,Latin America and Caribbean,17,6.952,1.088,1.039,0.614,0.404,0.142,0.158,2016
Belgium,Western Europe,18,6.929,1.425,1.052,0.82,0.514,0.262,0.242,2016
Ireland,Western Europe,19,6.907,1.483,1.162,0.815,0.54,0.298,0.45,2016
Luxembourg,Western Europe,20,6.871,1.698,1.04,0.845,0.549,0.353,0.276,2016
Mexico,Latin America and Caribbean,21,6.778,1.115,0.715,0.711,0.377,0.184,0.117,2016
Singapore,Southeastern Asia,22,6.739,1.646,0.868,0.947,0.488,0.47,0.327,2016
United Kingdom,Western Europe,23,6.725,1.403,1.087,0.81,0.5,0.274,0.502,2016
Chile,Latin America and Caribbean,24,6.705,1.217,0.906,0.819,0.378,0.115,0.316,2016
Panama,Latin America and Caribbean,25,6.701,1.183,0.989,0.708,0.489,0.084,0.242,2016
Argentina,Latin America and Caribbean,26,6.65,1.151,1.066,0.697,0.423,0.073,0.11,2016
Czech Republic,Central and Eastern Europe,27,6.596,1.309,1.008,0.764,0.414,0.04,0.099,2016
Uruguay,Latin America and Caribbean,29,6.545,1.182,1.031,0.722,0.544,0.214,0.181,2016
Malta,Western Europe,30,6.488,1.308,1.099,0.803,0.55,0.176,0.562,2016
Colombia,Latin America and Caribbean,31,6.481,1.03,1.022,0.597,0.447,0.054,0.156,2016
France,Western Europe,32,6.478,1.395,1.005,0.838,0.466,0.178,0.122,2016
Thailand,Southeastern Asia,33,6.474,1.089,1.045,0.649,0.496,0.028,0.587,2016
Saudi Arabia,Middle East and Northern Africa,34,6.379,1.49,0.848,0.593,0.379,0.3,0.155,2016
Qatar,Middle East and Northern Africa,36,6.375,1.824,0.88,0.717,0.567,0.48,0.324,2016
Spain,Western Europe,37,6.361,1.343,1.129,0.879,0.375,0.061,0.177,2016
Algeria,Middle East and Northern Africa,38,6.355,1.053,0.833,0.618,0.21,0.162,0.07,2016
Guatemala,Latin America and Caribbean,39,6.324,0.835,0.871,0.54,0.504,0.087,0.288,2016
Kuwait,Middle East and Northern Africa,41,6.239,1.617,0.878,0.636,0.432,0.237,0.16,2016
Bahrain,Middle East and Northern Africa,42,6.218,1.44,0.944,0.657,0.474,0.258,0.171,2016
Venezuela,Latin America and Caribbean,44,6.084,1.134,1.033,0.619,0.198,0.083,0.042,2016
Slovakia,Central and Eastern Europe,45,6.078,1.28,1.083,0.704,0.234,0.029,0.138,2016
El Salvador,Latin America and Caribbean,46,6.068,0.874,0.81,0.596,0.373,0.106,0.089,2016
Malaysia,Southeastern Asia,47,6.005,1.251,0.88,0.624,0.39,0.091,0.415,2016
Nicaragua,Latin America and Caribbean,48,5.992,0.694,0.895,0.652,0.466,0.163,0.298,2016
Uzbekistan,Central and Eastern Europe,49,5.987,0.736,1.168,0.502,0.608,0.283,0.343,2016
Italy,Western Europe,50,5.977,1.355,1.042,0.851,0.188,0.026,0.167,2016
Ecuador,Latin America and Caribbean,51,5.976,0.973,0.86,0.686,0.403,0.18,0.101,2016
Japan,Eastern Asia,53,5.921,1.38,1.061,0.915,0.468,0.19,0.102,2016
Kazakhstan,Central and Eastern Europe,54,5.919,1.229,0.955,0.574,0.405,0.111,0.15,2016
Moldova,Central and Eastern Europe,55,5.897,0.692,0.831,0.523,0.252,0.019,0.2,2016
Russia,Central and Eastern Europe,56,5.856,1.232,1.053,0.59,0.327,0.036,0.027,2016
Poland,Central and Eastern Europe,57,5.835,1.246,1.047,0.691,0.452,0.055,0.144,2016
South Korea,Eastern Asia,57,5.835,1.359,0.722,0.886,0.252,0.077,0.188,2016
Bolivia,Latin America and Caribbean,59,5.822,0.794,0.838,0.47,0.51,0.077,0.217,2016
Lithuania,Central and Eastern Europe,60,5.813,1.269,1.064,0.647,0.189,0.018,0.02,2016
Belarus,Central and Eastern Europe,61,5.802,1.131,1.05,0.631,0.291,0.175,0.139,2016
Slovenia,Central and Eastern Europe,63,5.768,1.299,1.056,0.792,0.532,0.036,0.257,2016
Peru,Latin America and Caribbean,64,5.743,0.996,0.813,0.63,0.375,0.053,0.145,2016
Turkmenistan,Central and Eastern Europe,65,5.658,1.08,1.038,0.44,0.374,0.285,0.226,2016
Mauritius,Sub-Saharan Africa,66,5.648,1.144,0.757,0.662,0.461,0.052,0.37,2016
Libya,Middle East and Northern Africa,67,5.615,1.067,0.951,0.523,0.407,0.103,0.171,2016
Latvia,Central and Eastern Europe,68,5.56,1.218,0.95,0.64,0.28,0.089,0.174,2016
Cyprus,Western Europe,69,5.546,1.319,0.707,0.849,0.295,0.052,0.279,2016
Paraguay,Latin America and Caribbean,70,5.538,0.894,1.111,0.583,0.462,0.074,0.253,2016
Romania,Central and Eastern Europe,71,5.528,1.17,0.728,0.676,0.367,0.007,0.129,2016
Estonia,Central and Eastern Europe,72,5.517,1.28,1.052,0.681,0.415,0.185,0.084,2016
Jamaica,Latin America and Caribbean,73,5.51,0.893,0.964,0.595,0.436,0.043,0.222,2016
Croatia,Central and Eastern Europe,74,5.488,1.186,0.608,0.705,0.239,0.04,0.184,2016
Kosovo,Central and Eastern Europe,77,5.401,0.901,0.661,0.54,0.144,0.065,0.28,2016
Turkey,Middle East and Northern Africa,78,5.389,1.165,0.877,0.647,0.239,0.123,0.047,2016
Indonesia,Southeastern Asia,79,5.314,0.951,0.876,0.494,0.392,0.003,0.565,2016
Jordan,Middle East and Northern Africa,80,5.303,0.997,0.862,0.607,0.36,0.133,0.143,2016
Azerbaijan,Central and Eastern Europe,81,5.291,1.124,0.76,0.545,0.353,0.179,0.056,2016
Philippines,Southeastern Asia,82,5.279,0.812,0.879,0.47,0.549,0.118,0.217,2016
China,Eastern Asia,83,5.245,1.028,0.794,0.736,0.44,0.027,0.05,2016
Bhutan,Southern Asia,84,5.196,0.853,0.908,0.498,0.461,0.162,0.485,2016
Kyrgyzstan,Central and Eastern Europe,85,5.185,0.56,0.954,0.554,0.402,0.048,0.384,2016
Serbia,Central and Eastern Europe,86,5.177,1.034,0.813,0.646,0.157,0.043,0.207,2016
Bosnia and Herzegovina,Central and Eastern Europe,87,5.163,0.934,0.644,0.708,0.095,0.0,0.299,2016
Montenegro,Central and Eastern Europe,88,5.161,1.078,0.742,0.635,0.151,0.127,0.172,2016
Dominican Republic,Latin America and Caribbean,89,5.155,1.028,0.995,0.577,0.523,0.124,0.213,2016
Morocco,Middle East and Northern Africa,90,5.151,0.841,0.386,0.595,0.256,0.084,0.041,2016
Hungary,Central and Eastern Europe,91,5.145,1.241,0.932,0.676,0.198,0.045,0.099,2016
Pakistan,Southern Asia,92,5.132,0.688,0.261,0.403,0.146,0.139,0.312,2016
Lebanon,Middle East and Northern Africa,93,5.129,1.123,0.642,0.762,0.262,0.031,0.237,2016
Portugal,Western Europe,94,5.123,1.276,0.944,0.794,0.447,0.015,0.117,2016
Vietnam,Southeastern Asia,96,5.061,0.74,0.791,0.662,0.56,0.116,0.251,2016
Tunisia,Middle East and Northern Africa,98,5.045,0.977,0.432,0.596,0.236,0.082,0.039,2016
Greece,Western Europe,99,5.033,1.249,0.755,0.8,0.058,0.041,0.0,2016
Tajikistan,Central and Eastern Europe,100,4.996,0.488,0.756,0.531,0.434,0.135,0.26,2016
Mongolia,Eastern Asia,101,4.907,0.989,1.09,0.555,0.36,0.033,0.345,2016
Nigeria,Sub-Saharan Africa,103,4.875,0.752,0.645,0.051,0.279,0.03,0.232,2016
Honduras,Latin America and Caribbean,104,4.871,0.694,0.756,0.584,0.268,0.069,0.204,2016
Iran,Middle East and Northern Africa,105,4.813,1.118,0.389,0.642,0.225,0.056,0.385,2016
Zambia,Sub-Saharan Africa,106,4.795,0.612,0.638,0.236,0.427,0.115,0.179,2016
Nepal,Southern Asia,107,4.793,0.446,0.697,0.501,0.37,0.07,0.382,2016
Palestinian Territories,Middle East and Northern Africa,108,4.754,0.67,0.716,0.568,0.177,0.106,0.112,2016
Albania,Central and Eastern Europe,109,4.655,0.955,0.502,0.73,0.319,0.053,0.168,2016
Bangladesh,Southern Asia,110,4.643,0.542,0.247,0.53,0.398,0.126,0.191,2016
Sierra Leone,Sub-Saharan Africa,111,4.635,0.365,0.628,0.0,0.307,0.082,0.239,2016
Iraq,Middle East and Northern Africa,112,4.575,1.075,0.592,0.511,0.249,0.136,0.196,2016
Cameroon,Sub-Saharan Africa,114,4.513,0.525,0.625,0.127,0.427,0.061,0.227,2016
Ethiopia,Sub-Saharan Africa,115,4.508,0.293,0.379,0.346,0.367,0.172,0.295,2016
South Africa,Sub-Saharan Africa,116,4.459,1.024,0.961,0.186,0.425,0.084,0.137,2016
Sri Lanka,Southern Asia,117,4.415,0.973,0.848,0.62,0.508,0.08,0.47,2016
India,Southern Asia,118,4.404,0.74,0.292,0.451,0.403,0.087,0.25,2016
Myanmar,Southeastern Asia,119,4.395,0.341,0.7,0.399,0.427,0.202,0.82,2016
Egypt,Middle East and Northern Africa,120,4.362,0.954,0.498,0.521,0.188,0.104,0.127,2016
Armenia,Central and Eastern Europe,121,4.36,0.861,0.625,0.641,0.14,0.036,0.078,2016
Kenya,Sub-Saharan Africa,122,4.356,0.523,0.762,0.301,0.406,0.067,0.413,2016
Ukraine,Central and Eastern Europe,123,4.324,0.873,1.014,0.586,0.129,0.018,0.204,2016
Ghana,Sub-Saharan Africa,124,4.276,0.631,0.494,0.297,0.41,0.033,0.212,2016
Congo (Kinshasa),Sub-Saharan Africa,125,4.272,0.057,0.807,0.188,0.156,0.061,0.255,2016
Georgia,Central and Eastern Europe,126,4.252,0.838,0.192,0.64,0.325,0.319,0.068,2016
Congo (Brazzaville),Sub-Saharan Africa,127,4.236,0.771,0.478,0.282,0.379,0.098,0.121,2016
Senegal,Sub-Saharan Africa,128,4.219,0.443,0.774,0.405,0.311,0.117,0.191,2016
Bulgaria,Central and Eastern Europe,129,4.217,1.113,0.925,0.678,0.212,0.006,0.128,2016
Mauritania,Sub-Saharan Africa,130,4.201,0.614,0.841,0.286,0.127,0.18,0.227,2016
Zimbabwe,Sub-Saharan Africa,131,4.193,0.35,0.715,0.16,0.254,0.086,0.185,2016
Malawi,Sub-Saharan Africa,132,4.156,0.087,0.147,0.294,0.414,0.076,0.31,2016
Gabon,Sub-Saharan Africa,134,4.121,1.159,0.724,0.349,0.281,0.093,0.062,2016
Mali,Sub-Saharan Africa,135,4.073,0.313,0.863,0.163,0.275,0.136,0.211,2016
Haiti,Latin America and Caribbean,136,4.028,0.341,0.296,0.275,0.121,0.145,0.48,2016
Botswana,Sub-Saharan Africa,137,3.974,1.094,0.892,0.348,0.441,0.108,0.124,2016
Ivory Coast,Sub-Saharan Africa,139,3.916,0.555,0.576,0.045,0.407,0.155,0.203,2016
Cambodia,Southeastern Asia,140,3.907,0.556,0.538,0.425,0.589,0.081,0.403,2016
Niger,Sub-Saharan Africa,142,3.856,0.133,0.605,0.262,0.38,0.172,0.21,2016
Chad,Sub-Saharan Africa,144,3.763,0.422,0.632,0.038,0.128,0.05,0.187,2016
Burkina Faso,Sub-Saharan Africa,145,3.739,0.32,0.631,0.213,0.334,0.125,0.244,2016
Uganda,Sub-Saharan Africa,145,3.739,0.347,0.91,0.196,0.437,0.064,0.271,2016
Yemen,Middle East and Northern Africa,147,3.724,0.579,0.475,0.31,0.229,0.059,0.098,2016
Madagascar,Sub-Saharan Africa,148,3.695,0.28,0.461,0.371,0.137,0.075,0.22,2016
Tanzania,Sub-Saharan Africa,149,3.666,0.472,0.776,0.357,0.318,0.051,0.315,2016
Liberia,Sub-Saharan Africa,150,3.622,0.107,0.504,0.232,0.257,0.049,0.241,2016
Guinea,Sub-Saharan Africa,151,3.607,0.224,0.311,0.188,0.31,0.119,0.299,2016
Rwanda,Sub-Saharan Africa,152,3.515,0.328,0.616,0.319,0.543,0.505,0.236,2016
Benin,Sub-Saharan Africa,153,3.484,0.395,0.104,0.21,0.397,0.067,0.202,2016
Afghanistan,Southern Asia,154,3.36,0.382,0.11,0.173,0.164,0.071,0.313,2016
Togo,Sub-Saharan Africa,155,3.303,0.281,0.0,0.248,0.347,0.116,0.175,2016
Syria,Middle East and Northern Africa,156,3.069,0.747,0.149,0.63,0.069,0.172,0.484,2016
Burundi,Sub-Saharan Africa,157,2.905,0.068,0.234,0.157,0.043,0.094,0.203,2016
Norway,Western Europe,1,7.537,1.616,1.534,0.797,0.635,0.316,0.362,2017
Denmark,Western Europe,2,7.522,1.482,1.551,0.793,0.626,0.401,0.355,2017
Iceland,Western Europe,3,7.504,1.481,1.611,0.834,0.627,0.154,0.476,2017
Switzerland,Western Europe,4,7.494,1.565,1.517,0.858,0.62,0.367,0.291,2017
Finland,Western Europe,5,7.469,1.444,1.54,0.809,0.618,0.383,0.245,2017
Netherlands,Western Europe,6,7.377,1.504,1.429,0.811,0.585,0.283,0.47,2017
Canada,North America,7,7.316,1.479,1.481,0.835,0.611,0.287,0.436,2017
New Zealand,Australia and New Zealand,8,7.314,1.406,1.548,0.817,0.614,0.383,0.5,2017
Sweden,Western Europe,9,7.284,1.494,1.478,0.831,0.613,0.384,0.385,2017
Australia,Australia and New Zealand,10,7.284,1.484,1.51,0.844,0.602,0.301,0.478,2017
Israel,Middle East and Northern Africa,11,7.213,1.375,1.376,0.838,0.406,0.085,0.33,2017
Costa Rica,Latin America and Caribbean,12,7.079,1.11,1.416,0.76,0.58,0.1,0.215,2017
Austria,Western Europe,13,7.006,1.487,1.46,0.815,0.568,0.221,0.316,2017
United States,North America,14,6.993,1.546,1.42,0.774,0.506,0.136,0.393,2017
Ireland,Western Europe,15,6.977,1.536,1.558,0.81,0.573,0.298,0.428,2017
Germany,Western Europe,16,6.951,1.488,1.473,0.799,0.563,0.277,0.336,2017
Belgium,Western Europe,17,6.891,1.464,1.462,0.818,0.54,0.251,0.232,2017
Luxembourg,Western Europe,18,6.863,1.742,1.458,0.845,0.597,0.319,0.283,2017
United Kingdom,Western Europe,19,6.714,1.442,1.496,0.805,0.508,0.265,0.493,2017
Chile,Latin America and Caribbean,20,6.652,1.253,1.284,0.819,0.377,0.082,0.327,2017
Brazil,Latin America and Caribbean,22,6.635,1.107,1.431,0.617,0.437,0.111,0.162,2017
Czech Republic,Central and Eastern Europe,23,6.609,1.353,1.434,0.754,0.491,0.037,0.088,2017
Argentina,Latin America and Caribbean,24,6.599,1.185,1.44,0.695,0.495,0.06,0.109,2017
Mexico,Latin America and Caribbean,25,6.578,1.153,1.211,0.71,0.413,0.133,0.121,2017
Singapore,Southeastern Asia,26,6.572,1.692,1.354,0.949,0.55,0.464,0.346,2017
Malta,Western Europe,27,6.527,1.343,1.488,0.822,0.589,0.153,0.575,2017
Uruguay,Latin America and Caribbean,28,6.454,1.218,1.412,0.719,0.579,0.178,0.175,2017
Guatemala,Latin America and Caribbean,29,6.454,0.872,1.256,0.54,0.531,0.077,0.283,2017
Panama,Latin America and Caribbean,30,6.452,1.234,1.373,0.706,0.55,0.071,0.211,2017
France,Western Europe,31,6.442,1.431,1.388,0.844,0.47,0.173,0.13,2017
Thailand,Southeastern Asia,32,6.424,1.128,1.426,0.647,0.58,0.032,0.572,2017
Spain,Western Europe,34,6.403,1.384,1.532,0.889,0.409,0.071,0.19,2017
Qatar,Middle East and Northern Africa,35,6.375,1.871,1.274,0.71,0.604,0.439,0.33,2017
Colombia,Latin America and Caribbean,36,6.357,1.071,1.402,0.595,0.477,0.047,0.149,2017
Saudi Arabia,Middle East and Northern Africa,37,6.344,1.531,1.287,0.59,0.45,0.273,0.148,2017
Kuwait,Middle East and Northern Africa,39,6.105,1.633,1.26,0.632,0.496,0.215,0.228,2017
Slovakia,Central and Eastern Europe,40,6.098,1.325,1.505,0.713,0.296,0.024,0.137,2017
Bahrain,Middle East and Northern Africa,41,6.087,1.488,1.323,0.653,0.537,0.257,0.173,2017
Malaysia,Southeastern Asia,42,6.084,1.291,1.285,0.619,0.402,0.066,0.417,2017
Nicaragua,Latin America and Caribbean,43,6.071,0.737,1.287,0.653,0.448,0.131,0.302,2017
Ecuador,Latin America and Caribbean,44,6.008,1.001,1.286,0.686,0.455,0.14,0.15,2017
El Salvador,Latin America and Caribbean,45,6.003,0.91,1.182,0.596,0.432,0.09,0.078,2017
Poland,Central and Eastern Europe,46,5.973,1.292,1.446,0.699,0.52,0.059,0.158,2017
Uzbekistan,Central and Eastern Europe,47,5.971,0.786,1.549,0.498,0.658,0.247,0.416,2017
Italy,Western Europe,48,5.964,1.395,1.445,0.853,0.256,0.028,0.173,2017
Russia,Central and Eastern Europe,49,5.963,1.282,1.469,0.547,0.374,0.033,0.052,2017
Japan,Eastern Asia,51,5.92,1.417,1.436,0.913,0.506,0.164,0.121,2017
Lithuania,Central and Eastern Europe,52,5.902,1.315,1.474,0.629,0.234,0.012,0.01,2017
Algeria,Middle East and Northern Africa,53,5.872,1.092,1.146,0.618,0.233,0.146,0.069,2017
Latvia,Central and Eastern Europe,54,5.85,1.261,1.405,0.639,0.326,0.074,0.153,2017
South Korea,Eastern Asia,55,5.838,1.402,1.128,0.9,0.258,0.063,0.207,2017
Moldova,Central and Eastern Europe,56,5.838,0.729,1.252,0.589,0.241,0.01,0.209,2017
Romania,Central and Eastern Europe,57,5.825,1.218,1.15,0.685,0.457,0.004,0.134,2017
Bolivia,Latin America and Caribbean,58,5.823,0.834,1.228,0.474,0.559,0.06,0.226,2017
Turkmenistan,Central and Eastern Europe,59,5.822,1.131,1.493,0.438,0.418,0.259,0.25,2017
Kazakhstan,Central and Eastern Europe,60,5.819,1.285,1.384,0.606,0.437,0.119,0.202,2017
Slovenia,Central and Eastern Europe,62,5.758,1.341,1.453,0.791,0.573,0.045,0.243,2017
Peru,Latin America and Caribbean,63,5.715,1.035,1.219,0.63,0.45,0.047,0.127,2017
Mauritius,Sub-Saharan Africa,64,5.629,1.189,1.21,0.638,0.491,0.042,0.361,2017
Cyprus,Western Europe,65,5.621,1.356,1.131,0.845,0.355,0.041,0.271,2017
Estonia,Central and Eastern Europe,66,5.611,1.321,1.477,0.695,0.479,0.183,0.099,2017
Belarus,Central and Eastern Europe,67,5.569,1.157,1.445,0.638,0.295,0.156,0.155,2017
Libya,Middle East and Northern Africa,68,5.525,1.102,1.358,0.52,0.466,0.093,0.152,2017
Turkey,Middle East and Northern Africa,69,5.5,1.198,1.338,0.638,0.301,0.1,0.047,2017
Paraguay,Latin America and Caribbean,70,5.493,0.933,1.507,0.579,0.474,0.091,0.224,2017
Philippines,Southeastern Asia,72,5.43,0.858,1.254,0.468,0.585,0.099,0.194,2017
Serbia,Central and Eastern Europe,73,5.395,1.069,1.258,0.651,0.209,0.041,0.22,2017
Jordan,Middle East and Northern Africa,74,5.336,0.991,1.239,0.605,0.418,0.12,0.172,2017
Hungary,Central and Eastern Europe,75,5.324,1.286,1.343,0.688,0.176,0.037,0.078,2017
Jamaica,Latin America and Caribbean,76,5.311,0.926,1.368,0.641,0.474,0.055,0.234,2017
Croatia,Central and Eastern Europe,77,5.293,1.223,0.968,0.701,0.256,0.043,0.248,2017
Kosovo,Central and Eastern Europe,78,5.279,0.951,1.138,0.541,0.26,0.057,0.32,2017
China,Eastern Asia,79,5.273,1.081,1.161,0.741,0.473,0.023,0.029,2017
Pakistan,Southern Asia,80,5.269,0.727,0.673,0.402,0.235,0.124,0.315,2017
Indonesia,Southeastern Asia,81,5.262,0.996,1.274,0.492,0.443,0.015,0.612,2017
Venezuela,Latin America and Caribbean,82,5.25,1.128,1.431,0.617,0.154,0.064,0.065,2017
Montenegro,Central and Eastern Europe,83,5.237,1.121,1.238,0.667,0.195,0.088,0.198,2017
Morocco,Middle East and Northern Africa,84,5.235,0.878,0.775,0.598,0.408,0.088,0.032,2017
Azerbaijan,Central and Eastern Europe,85,5.234,1.154,1.152,0.541,0.398,0.181,0.045,2017
Dominican Republic,Latin America and Caribbean,86,5.23,1.079,1.402,0.575,0.553,0.114,0.187,2017
Greece,Western Europe,87,5.227,1.289,1.239,0.81,0.096,0.043,0.0,2017
Lebanon,Middle East and Northern Africa,88,5.225,1.075,1.13,0.735,0.289,0.038,0.264,2017
Portugal,Western Europe,89,5.195,1.315,1.367,0.796,0.498,0.016,0.095,2017
Bosnia and Herzegovina,Central and Eastern Europe,90,5.182,0.982,1.069,0.705,0.204,0.0,0.329,2017
Honduras,Latin America and Caribbean,91,5.181,0.731,1.144,0.583,0.348,0.073,0.236,2017
Vietnam,Southeastern Asia,94,5.074,0.789,1.277,0.652,0.571,0.088,0.235,2017
Nigeria,Sub-Saharan Africa,95,5.074,0.784,1.216,0.057,0.395,0.026,0.231,2017
Tajikistan,Central and Eastern Europe,96,5.041,0.525,1.271,0.529,0.472,0.146,0.249,2017
Bhutan,Southern Asia,97,5.011,0.885,1.34,0.496,0.502,0.173,0.474,2017
Kyrgyzstan,Central and Eastern Europe,98,5.004,0.596,1.394,0.553,0.455,0.039,0.429,2017
Nepal,Southern Asia,99,4.962,0.48,1.179,0.504,0.44,0.073,0.394,2017
Mongolia,Eastern Asia,100,4.955,1.027,1.493,0.558,0.394,0.033,0.338,2017
South Africa,Sub-Saharan Africa,101,4.829,1.055,1.385,0.187,0.479,0.073,0.139,2017
Tunisia,Middle East and Northern Africa,102,4.805,1.007,0.868,0.613,0.29,0.087,0.05,2017
Palestinian Territories,Middle East and Northern Africa,103,4.775,0.716,1.156,0.566,0.255,0.089,0.114,2017
Egypt,Middle East and Northern Africa,104,4.735,0.99,0.997,0.52,0.282,0.114,0.129,2017
Bulgaria,Central and Eastern Europe,105,4.714,1.161,1.434,0.708,0.289,0.011,0.113,2017
Sierra Leone,Sub-Saharan Africa,106,4.709,0.368,0.984,0.006,0.319,0.071,0.293,2017
Cameroon,Sub-Saharan Africa,107,4.695,0.564,0.946,0.133,0.43,0.051,0.236,2017
Iran,Middle East and Northern Africa,108,4.692,1.157,0.712,0.639,0.249,0.049,0.387,2017
Albania,Central and Eastern Europe,109,4.644,0.996,0.804,0.731,0.381,0.04,0.201,2017
Bangladesh,Southern Asia,110,4.608,0.587,0.735,0.533,0.478,0.124,0.172,2017
Kenya,Sub-Saharan Africa,112,4.553,0.56,1.068,0.31,0.453,0.065,0.445,2017
Myanmar,Southeastern Asia,114,4.545,0.367,1.123,0.398,0.514,0.189,0.838,2017
Senegal,Sub-Saharan Africa,115,4.535,0.479,1.18,0.409,0.378,0.115,0.183,2017
Zambia,Sub-Saharan Africa,116,4.514,0.636,1.003,0.258,0.462,0.078,0.25,2017
Iraq,Middle East and Northern Africa,117,4.497,1.103,0.979,0.501,0.289,0.107,0.2,2017
Gabon,Sub-Saharan Africa,118,4.465,1.198,1.156,0.357,0.312,0.076,0.044,2017
Ethiopia,Sub-Saharan Africa,119,4.46,0.339,0.865,0.353,0.409,0.165,0.313,2017
Sri Lanka,Southern Asia,120,4.44,1.01,1.26,0.625,0.561,0.074,0.491,2017
Armenia,Central and Eastern Europe,121,4.376,0.901,1.007,0.638,0.198,0.027,0.083,2017
India,Southern Asia,122,4.315,0.792,0.754,0.455,0.47,0.092,0.232,2017
Mauritania,Sub-Saharan Africa,123,4.292,0.648,1.272,0.285,0.096,0.137,0.202,2017
Congo (Brazzaville),Sub-Saharan Africa,124,4.291,0.809,0.832,0.29,0.435,0.08,0.121,2017
Georgia,Central and Eastern Europe,125,4.286,0.951,0.571,0.65,0.309,0.252,0.054,2017
Congo (Kinshasa),Sub-Saharan Africa,126,4.28,0.092,1.229,0.191,0.236,0.06,0.246,2017
Mali,Sub-Saharan Africa,127,4.19,0.476,1.281,0.169,0.307,0.105,0.183,2017
Ivory Coast,Sub-Saharan Africa,128,4.18,0.603,0.905,0.049,0.448,0.13,0.201,2017
Cambodia,Southeastern Asia,129,4.168,0.602,1.006,0.43,0.633,0.068,0.386,2017
Ghana,Sub-Saharan Africa,131,4.12,0.667,0.874,0.296,0.423,0.025,0.257,2017
Ukraine,Central and Eastern Europe,132,4.096,0.895,1.395,0.576,0.123,0.023,0.27,2017
Uganda,Sub-Saharan Africa,133,4.081,0.381,1.13,0.218,0.443,0.057,0.326,2017
Burkina Faso,Sub-Saharan Africa,134,4.032,0.35,1.043,0.216,0.324,0.12,0.251,2017
Niger,Sub-Saharan Africa,135,4.028,0.162,0.993,0.269,0.364,0.139,0.229,2017
Malawi,Sub-Saharan Africa,136,3.97,0.233,0.513,0.315,0.467,0.073,0.287,2017
Chad,Sub-Saharan Africa,137,3.936,0.438,0.954,0.041,0.162,0.054,0.216,2017
Zimbabwe,Sub-Saharan Africa,138,3.875,0.376,1.083,0.197,0.336,0.095,0.189,2017
Afghanistan,Southern Asia,141,3.794,0.401,0.582,0.181,0.106,0.061,0.312,2017
Botswana,Sub-Saharan Africa,142,3.766,1.122,1.222,0.342,0.505,0.099,0.099,2017
Benin,Sub-Saharan Africa,143,3.657,0.431,0.435,0.21,0.426,0.061,0.208,2017
Madagascar,Sub-Saharan Africa,144,3.644,0.306,0.913,0.375,0.189,0.067,0.209,2017
Haiti,Latin America and Caribbean,145,3.603,0.369,0.64,0.277,0.03,0.1,0.489,2017
Yemen,Middle East and Northern Africa,146,3.593,0.592,0.935,0.31,0.249,0.057,0.104,2017
Liberia,Sub-Saharan Africa,148,3.533,0.119,0.872,0.23,0.333,0.039,0.267,2017
Guinea,Sub-Saharan Africa,149,3.507,0.245,0.791,0.194,0.349,0.111,0.265,2017
Togo,Sub-Saharan Africa,150,3.495,0.305,0.432,0.247,0.38,0.096,0.197,2017
Rwanda,Sub-Saharan Africa,151,3.471,0.369,0.946,0.326,0.582,0.455,0.253,2017
Syria,Middle East and Northern Africa,152,3.462,0.777,0.396,0.501,0.082,0.151,0.494,2017
Tanzania,Sub-Saharan Africa,153,3.349,0.511,1.042,0.365,0.39,0.066,0.354,2017
Burundi,Sub-Saharan Africa,154,2.905,0.092,0.63,0.152,0.06,0.084,0.204,2017
Finland,Western Europe,1,7.632,1.305,1.592,0.874,0.681,0.393,0.202,2018
Norway,Western Europe,2,7.594,1.456,1.582,0.861,0.686,0.34,0.286,2018
Denmark,Western Europe,3,7.555,1.351,1.59,0.868,0.683,0.408,0.284,2018
Iceland,Western Europe,4,7.495,1.343,1.644,0.914,0.677,0.138,0.353,2018
Switzerland,Western Europe,5,7.487,1.42,1.549,0.927,0.66,0.357,0.256,2018
Netherlands,Western Europe,6,7.441,1.361,1.488,0.878,0.638,0.295,0.333,2018
Canada,North America,7,7.328,1.33,1.532,0.896,0.653,0.291,0.321,2018
New Zealand,Australia and New Zealand,8,7.324,1.268,1.601,0.876,0.669,0.389,0.365,2018
Sweden,Western Europe,9,7.314,1.355,1.501,0.913,0.659,0.383,0.285,2018
Australia,Australia and New Zealand,10,7.272,1.34,1.573,0.91,0.647,0.302,0.361,2018
United Kingdom,Western Europe,11,7.19,1.244,1.433,0.888,0.464,0.082,0.262,2018
Austria,Western Europe,12,7.139,1.341,1.504,0.891,0.617,0.224,0.242,2018
Costa Rica,Latin America and Caribbean,13,7.072,1.01,1.459,0.817,0.632,0.101,0.143,2018
Ireland,Western Europe,14,6.977,1.448,1.583,0.876,0.614,0.306,0.307,2018
Germany,Western Europe,15,6.965,1.34,1.474,0.861,0.586,0.28,0.273,2018
Belgium,Western Europe,16,6.927,1.324,1.483,0.894,0.583,0.24,0.188,2018
Luxembourg,Western Europe,17,6.91,1.576,1.52,0.896,0.632,0.321,0.196,2018
United States,North America,18,6.886,1.398,1.471,0.819,0.547,0.133,0.291,2018
Israel,Middle East and Northern Africa,19,6.814,1.301,1.559,0.883,0.533,0.272,0.354,2018
Czech Republic,Central and Eastern Europe,21,6.711,1.233,1.489,0.854,0.543,0.034,0.064,2018
Malta,Western Europe,22,6.627,1.27,1.525,0.884,0.645,0.142,0.376,2018
France,Western Europe,23,6.489,1.293,1.466,0.908,0.52,0.176,0.098,2018
Mexico,Latin America and Caribbean,24,6.488,1.038,1.252,0.761,0.479,0.095,0.069,2018
Chile,Latin America and Caribbean,25,6.476,1.131,1.331,0.808,0.431,0.061,0.197,2018
Panama,Latin America and Caribbean,27,6.43,1.112,1.438,0.759,0.597,0.063,0.125,2018
Brazil,Latin America and Caribbean,28,6.419,0.986,1.474,0.675,0.493,0.088,0.11,2018
Argentina,Latin America and Caribbean,29,6.388,1.073,1.468,0.744,0.57,0.054,0.062,2018
Guatemala,Latin America and Caribbean,30,6.382,0.781,1.268,0.608,0.604,0.071,0.179,2018
Uruguay,Latin America and Caribbean,31,6.379,1.093,1.459,0.771,0.625,0.155,0.13,2018
Qatar,Middle East and Northern Africa,32,6.374,1.649,1.303,0.748,0.654,0.171,0.256,2018
Saudi Arabia,Middle East and Northern Africa,33,6.371,1.379,1.331,0.633,0.509,0.127,0.098,2018
Singapore,Southeastern Asia,34,6.343,1.529,1.451,1.008,0.631,0.457,0.261,2018
Malaysia,Southeastern Asia,35,6.322,1.161,1.258,0.669,0.356,0.059,0.311,2018
Spain,Western Europe,36,6.31,1.251,1.538,0.965,0.449,0.074,0.142,2018
Colombia,Latin America and Caribbean,37,6.26,0.96,1.439,0.635,0.531,0.039,0.099,2018
Slovakia,Central and Eastern Europe,39,6.173,1.21,1.537,0.776,0.354,0.014,0.118,2018
El Salvador,Latin America and Caribbean,40,6.167,0.806,1.231,0.639,0.461,0.082,0.065,2018
Nicaragua,Latin America and Caribbean,41,6.141,0.668,1.319,0.7,0.527,0.128,0.208,2018
Poland,Central and Eastern Europe,42,6.123,1.176,1.448,0.781,0.546,0.064,0.108,2018
Bahrain,Middle East and Northern Africa,43,6.105,1.338,1.366,0.698,0.594,0.123,0.243,2018
Uzbekistan,Central and Eastern Europe,44,6.096,0.719,1.584,0.605,0.724,0.259,0.328,2018
Kuwait,Middle East and Northern Africa,45,6.083,1.474,1.301,0.675,0.554,0.106,0.167,2018
Thailand,Southeastern Asia,46,6.072,1.016,1.417,0.707,0.637,0.029,0.364,2018
Italy,Western Europe,47,6.0,1.264,1.501,0.946,0.281,0.028,0.137,2018
Ecuador,Latin America and Caribbean,48,5.973,0.889,1.33,0.736,0.556,0.12,0.114,2018
Lithuania,Central and Eastern Europe,50,5.952,1.197,1.527,0.716,0.35,0.006,0.026,2018
Slovenia,Central and Eastern Europe,51,5.948,1.219,1.506,0.856,0.633,0.051,0.16,2018
Romania,Central and Eastern Europe,52,5.945,1.116,1.219,0.726,0.528,0.001,0.088,2018
Latvia,Central and Eastern Europe,53,5.933,1.148,1.454,0.671,0.363,0.066,0.092,2018
Japan,Eastern Asia,54,5.915,1.294,1.462,0.988,0.553,0.15,0.079,2018
Mauritius,Sub-Saharan Africa,55,5.891,1.09,1.387,0.684,0.584,0.05,0.245,2018
Jamaica,Latin America and Caribbean,56,5.89,0.819,1.493,0.693,0.575,0.031,0.096,2018
South Korea,Eastern Asia,57,5.875,1.266,1.204,0.955,0.244,0.051,0.175,2018
Russia,Central and Eastern Europe,59,5.81,1.151,1.479,0.599,0.399,0.025,0.065,2018
Kazakhstan,Central and Eastern Europe,60,5.79,1.143,1.516,0.631,0.454,0.121,0.148,2018
Cyprus,Western Europe,61,5.762,1.229,1.191,0.909,0.423,0.035,0.202,2018
Bolivia,Latin America and Caribbean,62,5.752,0.751,1.223,0.508,0.606,0.054,0.141,2018
Estonia,Central and Eastern Europe,63,5.739,1.2,1.532,0.737,0.553,0.174,0.086,2018
Paraguay,Latin America and Caribbean,64,5.681,0.835,1.522,0.615,0.541,0.074,0.162,2018
Peru,Latin America and Caribbean,65,5.663,0.934,1.249,0.674,0.53,0.034,0.092,2018
Kosovo,Central and Eastern Europe,66,5.662,0.855,1.23,0.578,0.448,0.023,0.274,2018
Moldova,Central and Eastern Europe,67,5.64,0.657,1.301,0.62,0.232,0.0,0.171,2018
Turkmenistan,Central and Eastern Europe,68,5.636,1.016,1.533,0.517,0.417,0.037,0.199,2018
Hungary,Central and Eastern Europe,69,5.62,1.171,1.401,0.732,0.259,0.022,0.061,2018
Libya,Middle East and Northern Africa,70,5.566,0.985,1.35,0.553,0.496,0.148,0.116,2018
Philippines,Southeastern Asia,71,5.524,0.775,1.312,0.513,0.643,0.105,0.12,2018
Honduras,Latin America and Caribbean,72,5.504,0.62,1.205,0.622,0.459,0.074,0.197,2018
Belarus,Central and Eastern Europe,73,5.483,1.039,1.498,0.7,0.307,0.154,0.101,2018
Turkey,Middle East and Northern Africa,74,5.483,1.148,1.38,0.686,0.324,0.109,0.106,2018
Pakistan,Southern Asia,75,5.472,0.652,0.81,0.424,0.334,0.113,0.216,2018
Portugal,Western Europe,77,5.41,1.188,1.429,0.884,0.562,0.017,0.055,2018
Serbia,Central and Eastern Europe,78,5.398,0.975,1.369,0.685,0.288,0.043,0.134,2018
Greece,Western Europe,79,5.358,1.154,1.202,0.879,0.131,0.044,0.0,2018
Lebanon,Middle East and Northern Africa,80,5.358,0.965,1.179,0.785,0.503,0.136,0.214,2018
Montenegro,Central and Eastern Europe,81,5.347,1.017,1.279,0.729,0.259,0.081,0.111,2018
Croatia,Central and Eastern Europe,82,5.321,1.115,1.161,0.737,0.38,0.039,0.12,2018
Dominican Republic,Latin America and Caribbean,83,5.302,0.982,1.441,0.614,0.578,0.106,0.12,2018
Algeria,Middle East and Northern Africa,84,5.295,0.979,1.154,0.687,0.077,0.135,0.055,2018
Morocco,Middle East and Northern Africa,85,5.254,0.779,0.797,0.669,0.46,0.074,0.026,2018
China,Eastern Asia,86,5.246,0.989,1.142,0.799,0.597,0.103,0.029,2018
Azerbaijan,Central and Eastern Europe,87,5.201,1.024,1.161,0.603,0.43,0.176,0.031,2018
Tajikistan,Central and Eastern Europe,88,5.199,0.474,1.166,0.598,0.292,0.034,0.187,2018
Jordan,Middle East and Northern Africa,90,5.161,0.822,1.265,0.645,0.468,0.134,0.13,2018
Nigeria,Sub-Saharan Africa,91,5.155,0.689,1.172,0.048,0.462,0.032,0.201,2018
Kyrgyzstan,Central and Eastern Europe,92,5.131,0.53,1.416,0.594,0.54,0.035,0.281,2018
Bosnia and Herzegovina,Central and Eastern Europe,93,5.129,0.915,1.078,0.758,0.28,0.0,0.216,2018
Mongolia,Eastern Asia,94,5.125,0.914,1.517,0.575,0.395,0.032,0.253,2018
Vietnam,Southeastern Asia,95,5.103,0.715,1.365,0.702,0.618,0.079,0.177,2018
Indonesia,Southeastern Asia,96,5.093,0.899,1.215,0.522,0.538,0.018,0.484,2018
Bhutan,Southern Asia,97,5.082,0.796,1.335,0.527,0.541,0.171,0.364,2018
Cameroon,Sub-Saharan Africa,99,4.975,0.535,0.891,0.182,0.454,0.043,0.183,2018
Bulgaria,Central and Eastern Europe,100,4.933,1.054,1.515,0.712,0.359,0.009,0.064,2018
Nepal,Southern Asia,101,4.88,0.425,1.228,0.539,0.526,0.078,0.302,2018
Venezuela,Latin America and Caribbean,102,4.806,0.996,1.469,0.657,0.133,0.052,0.056,2018
Gabon,Sub-Saharan Africa,103,4.758,1.036,1.164,0.404,0.356,0.052,0.032,2018
Palestinian Territories,Middle East and Northern Africa,104,4.743,0.642,1.217,0.602,0.266,0.076,0.086,2018
South Africa,Sub-Saharan Africa,105,4.724,0.94,1.41,0.33,0.516,0.056,0.103,2018
Iran,Middle East and Northern Africa,106,4.707,1.059,0.771,0.691,0.459,0.129,0.282,2018
Ivory Coast,Sub-Saharan Africa,107,4.671,0.541,0.872,0.08,0.467,0.103,0.146,2018
Ghana,Sub-Saharan Africa,108,4.657,0.592,0.896,0.337,0.499,0.029,0.212,2018
Senegal,Sub-Saharan Africa,109,4.631,0.429,1.117,0.433,0.406,0.082,0.138,2018
Tunisia,Middle East and Northern Africa,111,4.592,0.9,0.906,0.69,0.271,0.063,0.04,2018
Albania,Central and Eastern Europe,112,4.586,0.916,0.817,0.79,0.419,0.032,0.149,2018
Sierra Leone,Sub-Saharan Africa,113,4.571,0.256,0.813,0.0,0.355,0.053,0.238,2018
Congo (Brazzaville),Sub-Saharan Africa,114,4.559,0.682,0.811,0.343,0.514,0.077,0.091,2018
Bangladesh,Southern Asia,115,4.5,0.532,0.85,0.579,0.58,0.144,0.153,2018
Sri Lanka,Southern Asia,116,4.471,0.918,1.314,0.672,0.585,0.05,0.307,2018
Iraq,Middle East and Northern Africa,117,4.456,1.01,0.971,0.536,0.304,0.095,0.148,2018
Mali,Sub-Saharan Africa,118,4.447,0.37,1.233,0.152,0.367,0.056,0.139,2018
Cambodia,Southeastern Asia,120,4.433,0.549,1.088,0.457,0.696,0.065,0.256,2018
Burkina Faso,Sub-Saharan Africa,121,4.424,0.314,1.097,0.254,0.312,0.128,0.175,2018
Egypt,Middle East and Northern Africa,122,4.419,0.885,1.025,0.553,0.312,0.107,0.092,2018
Kenya,Sub-Saharan Africa,124,4.41,0.493,1.048,0.454,0.504,0.055,0.352,2018
Zambia,Sub-Saharan Africa,125,4.377,0.562,1.047,0.295,0.503,0.082,0.221,2018
Mauritania,Sub-Saharan Africa,126,4.356,0.557,1.245,0.292,0.129,0.093,0.134,2018
Ethiopia,Sub-Saharan Africa,127,4.35,0.308,0.95,0.391,0.452,0.146,0.22,2018
Georgia,Central and Eastern Europe,128,4.34,0.853,0.592,0.643,0.375,0.215,0.038,2018
Armenia,Central and Eastern Europe,129,4.321,0.816,0.99,0.666,0.26,0.028,0.077,2018
Myanmar,Southeastern Asia,130,4.308,0.682,1.174,0.429,0.58,0.178,0.598,2018
Chad,Sub-Saharan Africa,131,4.301,0.358,0.907,0.053,0.189,0.06,0.181,2018
Congo (Kinshasa),Sub-Saharan Africa,132,4.245,0.069,1.136,0.204,0.312,0.052,0.197,2018
India,Southern Asia,133,4.19,0.721,0.747,0.485,0.539,0.093,0.172,2018
Niger,Sub-Saharan Africa,134,4.166,0.131,0.867,0.221,0.39,0.099,0.175,2018
Uganda,Sub-Saharan Africa,135,4.161,0.322,1.09,0.237,0.45,0.061,0.259,2018
Benin,Sub-Saharan Africa,136,4.141,0.378,0.372,0.24,0.44,0.067,0.163,2018
Ukraine,Central and Eastern Europe,138,4.103,0.793,1.413,0.609,0.163,0.011,0.187,2018
Togo,Sub-Saharan Africa,139,3.999,0.259,0.474,0.253,0.434,0.101,0.158,2018
Guinea,Sub-Saharan Africa,140,3.964,0.344,0.792,0.211,0.394,0.094,0.185,2018
Madagascar,Sub-Saharan Africa,143,3.774,0.262,0.908,0.402,0.221,0.049,0.155,2018
Zimbabwe,Sub-Saharan Africa,144,3.692,0.357,1.094,0.248,0.406,0.099,0.132,2018
Afghanistan,Southern Asia,145,3.632,0.332,0.537,0.255,0.085,0.036,0.191,2018
Botswana,Sub-Saharan Africa,146,3.59,1.017,1.174,0.417,0.557,0.092,0.042,2018
Malawi,Sub-Saharan Africa,147,3.587,0.186,0.541,0.306,0.531,0.08,0.21,2018
Haiti,Latin America and Caribbean,148,3.582,0.315,0.714,0.289,0.025,0.104,0.392,2018
Liberia,Sub-Saharan Africa,149,3.495,0.076,0.858,0.267,0.419,0.03,0.206,2018
Syria,Middle East and Northern Africa,150,3.462,0.689,0.382,0.539,0.088,0.144,0.376,2018
Rwanda,Sub-Saharan Africa,151,3.408,0.332,0.896,0.4,0.636,0.444,0.2,2018
Yemen,Middle East and Northern Africa,152,3.355,0.442,1.073,0.343,0.244,0.064,0.083,2018
Tanzania,Sub-Saharan Africa,153,3.303,0.455,0.991,0.381,0.481,0.097,0.27,2018
Burundi,Sub-Saharan Africa,156,2.905,0.091,0.627,0.145,0.065,0.076,0.149,2018
Finland,Western Europe,1,7.769,1.34,1.587,0.986,0.596,0.393,0.153,2019
Denmark,Western Europe,2,7.6,1.383,1.573,0.996,0.592,0.41,0.252,2019
Norway,Western Europe,3,7.554,1.488,1.582,1.028,0.603,0.341,0.271,2019
Iceland,Western Europe,4,7.494,1.38,1.624,1.026,0.591,0.118,0.354,2019
Netherlands,Western Europe,5,7.488,1.396,1.522,0.999,0.557,0.298,0.322,2019
Switzerland,Western Europe,6,7.48,1.452,1.526,1.052,0.572,0.343,0.263,2019
Sweden,Western Europe,7,7.343,1.387,1.487,1.009,0.574,0.373,0.267,2019
New Zealand,Australia and New Zealand,8,7.307,1.303,1.557,1.026,0.585,0.38,0.33,2019
Canada,North America,9,7.278,1.365,1.505,1.039,0.584,0.308,0.285,2019
Austria,Western Europe,10,7.246,1.376,1.475,1.016,0.532,0.226,0.244,2019
Australia,Australia and New Zealand,11,7.228,1.372,1.548,1.036,0.557,0.29,0.332,2019
Costa Rica,Latin America and Caribbean,12,7.167,1.034,1.441,0.963,0.558,0.093,0.144,2019
Israel,Middle East and Northern Africa,13,7.139,1.276,1.455,1.029,0.371,0.082,0.261,2019
Luxembourg,Western Europe,14,7.09,1.609,1.479,1.012,0.526,0.316,0.194,2019
United Kingdom,Western Europe,15,7.054,1.333,1.538,0.996,0.45,0.278,0.348,2019
Ireland,Western Europe,16,7.021,1.499,1.553,0.999,0.516,0.31,0.298,2019
Germany,Western Europe,17,6.985,1.373,1.454,0.987,0.495,0.265,0.261,2019
Belgium,Western Europe,18,6.923,1.356,1.504,0.986,0.473,0.21,0.16,2019
United States,North America,19,6.892,1.433,1.457,0.874,0.454,0.128,0.28,2019
Czech Republic,Central and Eastern Europe,20,6.852,1.269,1.487,0.92,0.457,0.036,0.046,2019
Malta,Western Europe,22,6.726,1.3,1.52,0.999,0.564,0.151,0.375,2019
Mexico,Latin America and Caribbean,23,6.595,1.07,1.323,0.861,0.433,0.073,0.074,2019
France,Western Europe,24,6.592,1.324,1.472,1.045,0.436,0.183,0.111,2019
Chile,Latin America and Caribbean,26,6.444,1.159,1.369,0.92,0.357,0.056,0.187,2019
Guatemala,Latin America and Caribbean,27,6.436,0.8,1.269,0.746,0.535,0.078,0.175,2019
Saudi Arabia,Middle East and Northern Africa,28,6.375,1.403,1.357,0.795,0.439,0.132,0.08,2019
Qatar,Middle East and Northern Africa,29,6.374,1.684,1.313,0.871,0.555,0.167,0.22,2019
Spain,Western Europe,30,6.354,1.286,1.484,1.062,0.362,0.079,0.153,2019
Panama,Latin America and Caribbean,31,6.321,1.149,1.442,0.91,0.516,0.054,0.109,2019
Brazil,Latin America and Caribbean,32,6.3,1.004,1.439,0.802,0.39,0.086,0.099,2019
Uruguay,Latin America and Caribbean,33,6.293,1.124,1.465,0.891,0.523,0.15,0.127,2019
Singapore,Southeastern Asia,34,6.262,1.572,1.463,1.141,0.556,0.453,0.271,2019
El Salvador,Latin America and Caribbean,35,6.253,0.794,1.242,0.789,0.43,0.074,0.093,2019
Italy,Western Europe,36,6.223,1.294,1.488,1.039,0.231,0.03,0.158,2019
Bahrain,Middle East and Northern Africa,37,6.199,1.362,1.368,0.871,0.536,0.11,0.255,2019
Slovakia,Central and Eastern Europe,38,6.198,1.246,1.504,0.881,0.334,0.014,0.121,2019
Poland,Central and Eastern Europe,40,6.182,1.206,1.438,0.884,0.483,0.05,0.117,2019
Uzbekistan,Central and Eastern Europe,41,6.174,0.745,1.529,0.756,0.631,0.24,0.322,2019
Lithuania,Central and Eastern Europe,42,6.149,1.238,1.515,0.818,0.291,0.042,0.043,2019
Colombia,Latin America and Caribbean,43,6.125,0.985,1.41,0.841,0.47,0.034,0.099,2019
Slovenia,Central and Eastern Europe,44,6.118,1.258,1.523,0.953,0.564,0.057,0.144,2019
Nicaragua,Latin America and Caribbean,45,6.105,0.694,1.325,0.835,0.435,0.127,0.2,2019
Kosovo,Central and Eastern Europe,46,6.1,0.882,1.232,0.758,0.489,0.006,0.262,2019
Argentina,Latin America and Caribbean,47,6.086,1.092,1.432,0.881,0.471,0.05,0.066,2019
Romania,Central and Eastern Europe,48,6.07,1.162,1.232,0.825,0.462,0.005,0.083,2019
Cyprus,Western Europe,49,6.046,1.263,1.223,1.042,0.406,0.041,0.19,2019
Ecuador,Latin America and Caribbean,50,6.028,0.912,1.312,0.868,0.498,0.087,0.126,2019
Kuwait,Middle East and Northern Africa,51,6.021,1.5,1.319,0.808,0.493,0.097,0.142,2019
Thailand,Southeastern Asia,52,6.008,1.05,1.409,0.828,0.557,0.028,0.359,2019
Latvia,Central and Eastern Europe,53,5.94,1.187,1.465,0.812,0.264,0.064,0.075,2019
South Korea,Eastern Asia,54,5.895,1.301,1.219,1.036,0.159,0.056,0.175,2019
Estonia,Central and Eastern Europe,55,5.893,1.237,1.528,0.874,0.495,0.161,0.103,2019
Jamaica,Latin America and Caribbean,56,5.89,0.831,1.478,0.831,0.49,0.028,0.107,2019
Mauritius,Sub-Saharan Africa,57,5.888,1.12,1.402,0.798,0.498,0.06,0.215,2019
Japan,Eastern Asia,58,5.886,1.327,1.419,1.088,0.445,0.14,0.069,2019
Honduras,Latin America and Caribbean,59,5.86,0.642,1.236,0.828,0.507,0.078,0.246,2019
Kazakhstan,Central and Eastern Europe,60,5.809,1.173,1.508,0.729,0.41,0.096,0.146,2019
Bolivia,Latin America and Caribbean,61,5.779,0.776,1.209,0.706,0.511,0.064,0.137,2019
Hungary,Central and Eastern Europe,62,5.758,1.201,1.41,0.828,0.199,0.02,0.081,2019
Paraguay,Latin America and Caribbean,63,5.743,0.855,1.475,0.777,0.514,0.08,0.184,2019
Peru,Latin America and Caribbean,65,5.697,0.96,1.274,0.854,0.455,0.027,0.083,2019
Portugal,Western Europe,66,5.693,1.221,1.431,0.999,0.508,0.025,0.047,2019
Pakistan,Southern Asia,67,5.653,0.677,0.886,0.535,0.313,0.098,0.22,2019
Russia,Central and Eastern Europe,68,5.648,1.183,1.452,0.726,0.334,0.031,0.082,2019
Philippines,Southeastern Asia,69,5.631,0.807,1.293,0.657,0.558,0.107,0.117,2019
Serbia,Central and Eastern Europe,70,5.603,1.004,1.383,0.854,0.282,0.039,0.137,2019
Moldova,Central and Eastern Europe,71,5.529,0.685,1.328,0.739,0.245,0.0,0.181,2019
Libya,Middle East and Northern Africa,72,5.525,1.044,1.303,0.673,0.416,0.152,0.133,2019
Montenegro,Central and Eastern Europe,73,5.523,1.051,1.361,0.871,0.197,0.08,0.142,2019
Tajikistan,Central and Eastern Europe,74,5.467,0.493,1.098,0.718,0.389,0.144,0.23,2019
Croatia,Central and Eastern Europe,75,5.432,1.155,1.266,0.914,0.296,0.022,0.119,2019
Dominican Republic,Latin America and Caribbean,77,5.425,1.015,1.401,0.779,0.497,0.101,0.113,2019
Bosnia and Herzegovina,Central and Eastern Europe,78,5.386,0.945,1.212,0.845,0.212,0.006,0.263,2019
Turkey,Middle East and Northern Africa,79,5.373,1.183,1.36,0.808,0.195,0.106,0.083,2019
Malaysia,Southeastern Asia,80,5.339,1.221,1.171,0.828,0.508,0.024,0.26,2019
Belarus,Central and Eastern Europe,81,5.323,1.067,1.465,0.789,0.235,0.142,0.094,2019
Greece,Western Europe,82,5.287,1.181,1.156,0.999,0.067,0.034,0.0,2019
Mongolia,Eastern Asia,83,5.285,0.948,1.531,0.667,0.317,0.038,0.235,2019
Nigeria,Sub-Saharan Africa,85,5.265,0.696,1.111,0.245,0.426,0.041,0.215,2019
Kyrgyzstan,Central and Eastern Europe,86,5.261,0.551,1.438,0.723,0.508,0.023,0.3,2019
Turkmenistan,Central and Eastern Europe,87,5.247,1.052,1.538,0.657,0.394,0.028,0.244,2019
Algeria,Middle East and Northern Africa,88,5.211,1.002,1.16,0.785,0.086,0.114,0.073,2019
Morocco,Middle East and Northern Africa,89,5.208,0.801,0.782,0.782,0.418,0.076,0.036,2019
Azerbaijan,Central and Eastern Europe,90,5.208,1.043,1.147,0.769,0.351,0.182,0.035,2019
Lebanon,Middle East and Northern Africa,91,5.197,0.987,1.224,0.815,0.216,0.027,0.166,2019
Indonesia,Southeastern Asia,92,5.192,0.931,1.203,0.66,0.491,0.028,0.498,2019
China,Eastern Asia,93,5.191,1.029,1.125,0.893,0.521,0.1,0.058,2019
Vietnam,Southeastern Asia,94,5.175,0.741,1.346,0.851,0.543,0.073,0.147,2019
Bhutan,Southern Asia,95,5.082,0.813,1.321,0.604,0.457,0.167,0.37,2019
Cameroon,Sub-Saharan Africa,96,5.044,0.549,0.91,0.331,0.381,0.037,0.187,2019
Bulgaria,Central and Eastern Europe,97,5.011,1.092,1.513,0.815,0.311,0.004,0.081,2019
Ghana,Sub-Saharan Africa,98,4.996,0.611,0.868,0.486,0.381,0.04,0.245,2019
Ivory Coast,Sub-Saharan Africa,99,4.944,0.569,0.808,0.232,0.352,0.09,0.154,2019
Nepal,Southern Asia,100,4.913,0.446,1.226,0.677,0.439,0.089,0.285,2019
Jordan,Middle East and Northern Africa,101,4.906,0.837,1.225,0.815,0.383,0.13,0.11,2019
Benin,Sub-Saharan Africa,102,4.883,0.393,0.437,0.397,0.349,0.082,0.175,2019
Congo (Brazzaville),Sub-Saharan Africa,103,4.812,0.673,0.799,0.508,0.372,0.093,0.105,2019
Gabon,Sub-Saharan Africa,104,4.799,1.057,1.183,0.571,0.295,0.055,0.043,2019
South Africa,Sub-Saharan Africa,106,4.722,0.96,1.351,0.469,0.389,0.055,0.13,2019
Albania,Central and Eastern Europe,107,4.719,0.947,0.848,0.874,0.383,0.027,0.178,2019
Venezuela,Latin America and Caribbean,108,4.707,0.96,1.427,0.805,0.154,0.047,0.064,2019
Cambodia,Southeastern Asia,109,4.7,0.574,1.122,0.637,0.609,0.062,0.232,2019
Palestinian Territories,Middle East and Northern Africa,110,4.696,0.657,1.247,0.672,0.225,0.066,0.103,2019
Senegal,Sub-Saharan Africa,111,4.681,0.45,1.134,0.571,0.292,0.072,0.153,2019
Niger,Sub-Saharan Africa,114,4.628,0.138,0.774,0.366,0.318,0.102,0.188,2019
Burkina Faso,Sub-Saharan Africa,115,4.587,0.331,1.056,0.38,0.255,0.113,0.177,2019
Armenia,Central and Eastern Europe,116,4.559,0.85,1.055,0.815,0.283,0.064,0.095,2019
Iran,Middle East and Northern Africa,117,4.548,1.1,0.842,0.785,0.305,0.125,0.27,2019
Guinea,Sub-Saharan Africa,118,4.534,0.38,0.829,0.375,0.332,0.086,0.207,2019
Georgia,Central and Eastern Europe,119,4.519,0.886,0.666,0.752,0.346,0.164,0.043,2019
Kenya,Sub-Saharan Africa,121,4.509,0.512,0.983,0.581,0.431,0.053,0.372,2019
Mauritania,Sub-Saharan Africa,122,4.49,0.57,1.167,0.489,0.066,0.088,0.106,2019
Tunisia,Middle East and Northern Africa,124,4.461,0.921,1.0,0.815,0.167,0.055,0.059,2019
Bangladesh,Southern Asia,125,4.456,0.562,0.928,0.723,0.527,0.143,0.166,2019
Iraq,Middle East and Northern Africa,126,4.437,1.043,0.98,0.574,0.241,0.089,0.148,2019
Congo (Kinshasa),Sub-Saharan Africa,127,4.418,0.094,1.125,0.357,0.269,0.053,0.212,2019
Mali,Sub-Saharan Africa,128,4.39,0.385,1.105,0.308,0.327,0.052,0.153,2019
Sierra Leone,Sub-Saharan Africa,129,4.374,0.268,0.841,0.242,0.309,0.045,0.252,2019
Sri Lanka,Southern Asia,130,4.366,0.949,1.265,0.831,0.47,0.047,0.244,2019
Myanmar,Southeastern Asia,131,4.36,0.71,1.181,0.555,0.525,0.172,0.566,2019
Chad,Sub-Saharan Africa,132,4.35,0.35,0.766,0.192,0.174,0.078,0.198,2019
Ukraine,Central and Eastern Europe,133,4.332,0.82,1.39,0.739,0.178,0.01,0.187,2019
Ethiopia,Sub-Saharan Africa,134,4.286,0.336,1.033,0.532,0.344,0.1,0.209,2019
Uganda,Sub-Saharan Africa,136,4.189,0.332,1.069,0.443,0.356,0.06,0.252,2019
Egypt,Middle East and Northern Africa,137,4.166,0.913,1.039,0.644,0.241,0.067,0.076,2019
Zambia,Sub-Saharan Africa,138,4.107,0.578,1.058,0.426,0.431,0.087,0.247,2019
Togo,Sub-Saharan Africa,139,4.085,0.275,0.572,0.41,0.293,0.085,0.177,2019
India,Southern Asia,140,4.015,0.755,0.765,0.588,0.498,0.085,0.2,2019
Liberia,Sub-Saharan Africa,141,3.975,0.073,0.922,0.443,0.37,0.033,0.233,2019
Madagascar,Sub-Saharan Africa,143,3.933,0.274,0.916,0.555,0.148,0.041,0.169,2019
Burundi,Sub-Saharan Africa,145,3.775,0.046,0.447,0.38,0.22,0.18,0.176,2019
Zimbabwe,Sub-Saharan Africa,146,3.663,0.366,1.114,0.433,0.361,0.089,0.151,2019
Haiti,Latin America and Caribbean,147,3.597,0.323,0.688,0.449,0.026,0.11,0.419,2019
Botswana,Sub-Saharan Africa,148,3.488,1.041,1.145,0.538,0.455,0.1,0.025,2019
Syria,Middle East and Northern Africa,149,3.462,0.619,0.378,0.44,0.013,0.141,0.331,2019
Malawi,Sub-Saharan Africa,150,3.41,0.191,0.56,0.495,0.443,0.089,0.218,2019
Yemen,Middle East and Northern Africa,151,3.38,0.287,1.163,0.463,0.143,0.077,0.108,2019
Rwanda,Sub-Saharan Africa,152,3.334,0.359,0.711,0.614,0.555,0.411,0.217,2019
Tanzania,Sub-Saharan Africa,153,3.231,0.476,0.885,0.499,0.417,0.147,0.276,2019
Afghanistan,Southern Asia,154,3.203,0.35,0.517,0.361,0.0,0.025,0.158,2019
